{"learning_rate": 0.34868995995132845, "max_depth": 7.0, "min_child_weight": 2.0, "n_estimators": 180.0, "reg_alpha": 0.20963609857482002, "reg_lambda": 0.09237784643390548}