{"learning_rate": 0.9176948444035711, "max_depth": 6.0, "min_child_weight": 1.0, "n_estimators": 210.0, "reg_alpha": 0.1915179446929954, "reg_lambda": 0.5296081951243024}